include,exclude
iletaitunehistoire,facebook
lire,google
,linkedin
,radiofrance
,youtube
,blogspot
,amazon
,amzn
,institutfrancais
,orange
,ipvanish
,#lire-commentaire
,#saisir-commentaire
,comment
,forum
,cookie
,contact
,privacy_policy
,terms
,publier
,about
,proteger-manuscrit-copyright
,help
,forum
,get_premium
,authors
,telecharger-ebook-gratuit
,jean.gallian
,lulu
,twitter
,pinterest
,microsoft
,bewest
,paiment
,societe
,manager
,xbox
,index
,.pdf
,#note
,.php
,maif
,inscription
,connexion
,le-covid-19-explique-aux-enfants
,anglais
,dessin
